<T3DataStructure>
    <meta>
        <langDisable>1</langDisable>
    </meta>
    <sheets>
        <sDEF>
            <ROOT>
                <sheetTitle>
                    LLL:EXT:sk_signup/Resources/Private/Language/locallang_db.xlf:plugin.default.title
                </sheetTitle>
                <type>array</type>
                <el>
                    <settings.singlePid>
                        <label>
                            LLL:EXT:sk_signup/Resources/Private/Language/PluginHaiku/locallang_db.xlf:plugin.default.title
                        </label>
                        <config>
                            <type>group</type>
                            <allowed>pages</allowed>
                            <maxitems>1</maxitems>
                            <minitems>0</minitems>
                            <size>1</size>
                            <suggestOptions>
                                <default>
                                    <additionalSearchFields>nav_title, alias, url</additionalSearchFields>
                                    <addWhere>AND pages.doktype = 1</addWhere>
                                </default>
                            </suggestOptions>
                        </config>
                    </settings.singlePid>
                </el>
            </ROOT>
        </sDEF>
    </sheets>
</T3DataStructure>
